model,dataset,seq_len,pred_len,features,mse,mae,seed,run,timestamp_utc
DLinear,ETTh1,96,96,M,0.396158,0.410841,2021,0,2026-08-11T14:27:43+00:00
DLinear,ETTh1,96,192,M,0.445007,0.440381,2021,0,2026-08-11T14:27:59+00:00
DLinear,ETTh1,96,336,M,0.487411,0.465404,2021,0,2026-08-11T14:28:13+00:00
DLinear,ETTh1,96,720,M,0.512638,0.510405,2021,0,2026-08-11T14:28:25+00:00
DLinear,ETTh2,96,96,M,0.341447,0.395293,2021,0,2026-08-11T14:28:35+00:00
DLinear,ETTh2,96,192,M,0.481909,0.479198,2021,0,2026-08-11T14:28:51+00:00
DLinear,ETTh2,96,336,M,0.592931,0.542171,2021,0,2026-08-11T14:29:01+00:00
DLinear,ETTh2,96,720,M,0.840323,0.661099,2021,0,2026-08-11T14:29:19+00:00
DLinear,ETTm1,96,96,M,0.345947,0.373709,2021,0,2026-08-11T14:29:44+00:00
DLinear,ETTm1,96,192,M,0.381815,0.391069,2021,0,2026-08-11T14:30:11+00:00
DLinear,ETTm1,96,336,M,0.415267,0.415027,2021,0,2026-08-11T14:30:35+00:00
DLinear,ETTm1,96,720,M,0.472979,0.450940,2021,0,2026-08-11T14:31:03+00:00
DLinear,ETTm2,96,96,M,0.193428,0.292817,2021,0,2026-08-11T14:31:31+00:00
DLinear,ETTm2,96,192,M,0.284532,0.361383,2021,0,2026-08-11T14:32:09+00:00
DLinear,ETTm2,96,336,M,0.384927,0.429467,2021,0,2026-08-11T14:32:34+00:00
DLinear,ETTm2,96,720,M,0.556104,0.523487,2021,0,2026-08-11T14:33:06+00:00
PatchTST,ETTh1,96,96,M,0.385111,0.405567,2021,0,2026-08-12T07:05:38+00:00
PatchTST,ETTh1,96,192,M,0.446542,0.439328,2021,0,2026-08-12T07:05:59+00:00
PatchTST,ETTh1,96,336,M,0.486462,0.469740,2021,0,2026-08-12T07:06:29+00:00
PatchTST,ETTh1,96,720,M,0.492771,0.487985,2021,0,2026-08-12T07:06:58+00:00
PatchTST,ETTh2,96,96,M,0.318057,0.361191,2021,0,2026-08-12T07:07:24+00:00
PatchTST,ETTh2,96,192,M,0.392989,0.408511,2021,0,2026-08-12T07:07:49+00:00
PatchTST,ETTh2,96,336,M,0.418966,0.435729,2021,0,2026-08-12T07:08:14+00:00
PatchTST,ETTh2,96,720,M,0.438329,0.453549,2021,0,2026-08-12T07:08:35+00:00
PatchTST,ETTm1,96,96,M,0.332555,0.369773,2021,0,2026-08-12T07:09:47+00:00
PatchTST,ETTm1,96,192,M,0.371217,0.393172,2021,0,2026-08-12T07:11:51+00:00
PatchTST,ETTm1,96,336,M,0.402073,0.413310,2021,0,2026-08-12T07:13:57+00:00
PatchTST,ETTm1,96,720,M,0.460601,0.447990,2021,0,2026-08-12T07:16:08+00:00
PatchTST,ETTm2,96,96,M,0.181869,0.268285,2021,0,2026-08-12T07:17:37+00:00
PatchTST,ETTm2,96,192,M,0.249489,0.310878,2021,0,2026-08-12T07:19:06+00:00
PatchTST,ETTm2,96,336,M,0.308380,0.349561,2021,0,2026-08-12T07:20:38+00:00
PatchTST,ETTm2,96,720,M,0.421417,0.416063,2021,0,2026-08-12T07:22:13+00:00
RAFT,ETTh1,96,96,M,0.386763,0.413641,2021,0,2026-08-12T08:50:59+00:00
RAFT,ETTh1,96,192,M,0.422507,0.430630,2021,0,2026-08-12T08:51:21+00:00
RAFT,ETTh1,96,336,M,0.455757,0.444562,2021,0,2026-08-12T08:51:46+00:00
RAFT,ETTh1,96,720,M,0.463499,0.463828,2021,0,2026-08-12T08:52:16+00:00
RAFT,ETTh2,96,96,M,0.295997,0.349556,2021,0,2026-08-12T08:52:36+00:00
RAFT,ETTh2,96,192,M,0.383994,0.402512,2021,0,2026-08-12T08:52:59+00:00
RAFT,ETTh2,96,336,M,0.425747,0.442032,2021,0,2026-08-12T08:53:23+00:00
RAFT,ETTh2,96,720,M,0.434251,0.459524,2021,0,2026-08-12T08:53:52+00:00
RAFT,ETTm1,96,96,M,0.329039,0.371475,2021,0,2026-08-12T08:55:15+00:00
RAFT,ETTm1,96,192,M,0.363425,0.388337,2021,0,2026-08-12T08:56:53+00:00
RAFT,ETTm1,96,336,M,0.391167,0.407622,2021,0,2026-08-12T08:59:00+00:00
RAFT,ETTm1,96,720,M,0.444187,0.438270,2021,0,2026-08-12T09:02:12+00:00
RAFT,ETTm2,96,96,M,0.177322,0.265883,2021,0,2026-08-12T09:03:37+00:00
RAFT,ETTm2,96,192,M,0.242539,0.307684,2021,0,2026-08-12T09:05:21+00:00
RAFT,ETTm2,96,336,M,0.302169,0.345864,2021,0,2026-08-12T09:07:32+00:00
RAFT,ETTm2,96,720,M,0.401579,0.403960,2021,0,2026-08-12T09:10:51+00:00
TimeMixer,ETTh1,96,96,M,0.381113,0.398769,2021,0,2026-08-12T08:09:24+00:00
TimeMixer,ETTh1,96,192,M,0.441590,0.430909,2021,0,2026-08-12T08:09:46+00:00
TimeMixer,ETTh1,96,336,M,0.500609,0.459485,2021,0,2026-08-12T08:10:08+00:00
TimeMixer,ETTh1,96,720,M,0.552473,0.507436,2021,0,2026-08-12T08:10:31+00:00
TimeMixer,ETTh2,96,96,M,0.296674,0.346196,2021,0,2026-08-12T08:10:53+00:00
TimeMixer,ETTh2,96,192,M,0.385191,0.406017,2021,0,2026-08-12T08:11:15+00:00
TimeMixer,ETTh2,96,336,M,0.438208,0.435875,2021,0,2026-08-12T08:11:37+00:00
TimeMixer,ETTh2,96,720,M,0.436854,0.447238,2021,0,2026-08-12T08:12:00+00:00
TimeMixer,ETTm1,96,96,M,0.319894,0.358462,2021,0,2026-08-12T08:13:08+00:00
TimeMixer,ETTm1,96,192,M,0.372362,0.391238,2021,0,2026-08-12T08:14:19+00:00
TimeMixer,ETTm1,96,336,M,0.394427,0.408316,2021,0,2026-08-12T08:15:34+00:00
TimeMixer,ETTm1,96,720,M,0.459163,0.447589,2021,0,2026-08-12T08:16:55+00:00
TimeMixer,ETTm2,96,96,M,0.174733,0.257833,2021,0,2026-08-12T08:18:04+00:00
TimeMixer,ETTm2,96,192,M,0.240933,0.301905,2021,0,2026-08-12T08:19:16+00:00
TimeMixer,ETTm2,96,336,M,0.293179,0.334673,2021,0,2026-08-12T08:20:32+00:00
TimeMixer,ETTm2,96,720,M,0.395767,0.398260,2021,0,2026-08-12T08:21:54+00:00
iTransformer,ETTh1,96,96,M,0.385864,0.403885,2021,0,2026-08-12T07:36:27+00:00
iTransformer,ETTh1,96,192,M,0.442687,0.433862,2021,0,2026-08-12T07:36:41+00:00
iTransformer,ETTh1,96,336,M,0.491732,0.463168,2021,0,2026-08-12T07:36:54+00:00
iTransformer,ETTh1,96,720,M,0.511117,0.493020,2021,0,2026-08-12T07:37:13+00:00
iTransformer,ETTh2,96,96,M,0.294102,0.345782,2021,0,2026-08-12T07:37:25+00:00
iTransformer,ETTh2,96,192,M,0.379557,0.398930,2021,0,2026-08-12T07:37:39+00:00
iTransformer,ETTh2,96,336,M,0.434143,0.435666,2021,0,2026-08-12T07:37:52+00:00
iTransformer,ETTh2,96,720,M,0.472004,0.468217,2021,0,2026-08-12T07:38:10+00:00
iTransformer,ETTm1,96,96,M,0.337759,0.369666,2021,0,2026-08-12T07:39:07+00:00
iTransformer,ETTm1,96,192,M,0.383112,0.396570,2021,0,2026-08-12T07:39:49+00:00
iTransformer,ETTm1,96,336,M,0.430659,0.424594,2021,0,2026-08-12T07:40:41+00:00
iTransformer,ETTm1,96,720,M,0.502399,0.462675,2021,0,2026-08-12T07:41:37+00:00
iTransformer,ETTm2,96,96,M,0.184390,0.266122,2021,0,2026-08-12T07:42:17+00:00
iTransformer,ETTm2,96,192,M,0.253069,0.310860,2021,0,2026-08-12T07:42:59+00:00
iTransformer,ETTm2,96,336,M,0.327306,0.361442,2021,0,2026-08-12T07:44:09+00:00
iTransformer,ETTm2,96,720,M,0.420359,0.411764,2021,0,2026-08-12T07:45:13+00:00
